moh,dist
162,0.0
162,20.69142521950234
161,39.852061544409096
160,53.7373029098879
159,67.68467605746898
158,81.90077616381964
157,110.20704519105368
156,179.11267429133545
155,218.93363371382313
155,284.7433596436779
155,292.2412679393111
155,300.6898436493223
155,303.0718195287893
156,427.4099961153371
157,481.1452752567076
158,523.8004859868475
159,542.0030703796309
160,558.1470135528887
161,608.3908212816602
161,610.472261786948
